annotation_id,split,sample_key,selection_category,mask_sha256,seed_sha256,background_pixels,smoke_pixels,fire_heat_pixels,ignore_pixels,manual_added_ignore_pixels,smoke_ratio,fire_ratio,ignore_ratio,manual_added_ignore_ratio,machine_fire_exact,seed_ignore_preserved
A001,val,fire/00001,reviewed_validation,7a48bdd4b67a64a1d78b3811ead3db9400a4d23472390b55fed7fc488631f6d5,1ddbc2b79de64856b59001db81c0cb841aa77c179f2a469db49e70bd9f8ee66b,197250,104004,6953,19473,8469,0.31739501953125,0.0212188720703125,0.0594268798828125,0.0258453369140625,True,True
A002,val,fire/00008,reviewed_validation,a82134da9a77907ec9d0ec15a237ddf52185eac33fdeebf7db8ee242fb7fc3cc,496bb83fd657842dd0a3c5933ca94718660bcf8f5c5a6c824e78b825ff344939,272987,47884,1780,5029,3148,0.14613037109375,0.00543212890625,0.0153472900390625,0.00960693359375,True,True
A003,val,fire/00019,reviewed_validation,4b781eb2a986478d3b29113f639b38fe2de923d8823921e1db92211d85998950,7aeddfd548bb720319d1e570da8ced6187c42998ac3b7ff3ff74c93d10fac862,196699,86945,8112,35924,23402,0.2653350830078125,0.024755859375,0.10963134765625,0.071417236328125,True,True
A004,val,fire/00020,reviewed_validation,221c9a78761d481c2a8283035432837571acbdf8635118a5d401220edb80731e,ac6063829796856c3e6db8418df90b0decf566e51647472d89e9ce342e854921,277925,35282,2168,12305,10517,0.107672119140625,0.0066162109375,0.0375518798828125,0.0320953369140625,True,True
A005,val,fire/00057,reviewed_validation,0984daaea2da5b713c1e55df12551c3abd63d1ffe534179cbf7d7186c5686ad0,9ff6cd14bc04330d45b32eae6d97ada3a72c3cb49d86339f2c52f29278937ba0,187702,99683,14493,25802,3551,0.3042083740234375,0.0442291259765625,0.078741455078125,0.0108367919921875,True,True
A006,val,fire/00393,reviewed_validation,37c550c234dd649c0188620a8b0446cfbef70400d043cde6134d36768caf5b36,b0e526fa8e8480d6d313926a4f954c4a490cee507e7303c84a0dd95a7e30778e,166271,105145,11618,44646,23892,0.3208770751953125,0.035455322265625,0.136248779296875,0.07291259765625,True,True
A007,val,fire/00037,reviewed_validation,f253f7b9e03d664be403a958af20868cc18fd50077c68b061a0fbb449632c88c,9d3e467ddeb844baf0a8555e00cd83c8bc76d676f8820d900c5afa0350420c38,196666,86173,8068,36773,18136,0.2629791259765625,0.02462158203125,0.1122222900390625,0.0553466796875,True,True
A008,val,fire/00508,reviewed_validation,6cd171dec4dd21964639be7a367feebfee789f31c17717060862a3731a39fb9a,4e10e39133f1764dea8aecff86f65f83d0d9923c7c8a60e0d59d53f223f12589,204795,89605,13777,19503,109,0.2734527587890625,0.0420440673828125,0.0595184326171875,0.0003326416015625,True,True
A009,val,fire/00042,reviewed_validation,6aab96bdc18da24ab2747865a27a68a77cc9b8a32ccfab5d7153e4acf9658fb5,931a7f991fa14a658580c7c170d8b9c096a85623bb97d08058445270c17b2581,186389,76701,11573,53017,39140,0.2340728759765625,0.0353179931640625,0.1617950439453125,0.11944580078125,True,True
A010,val,fire/00444,reviewed_validation,3a02aab556b22c573bd4f54e8ba66174c3debd3b72b7929f432916c8501bcae3,3c77a3196505aa794b8cf69ee941ac72d0fcaf8327f3074077a1d8f41058bc1f,219353,75315,10636,22376,8643,0.2298431396484375,0.03245849609375,0.0682861328125,0.0263763427734375,True,True
A011,val,fire/00183,reviewed_validation,aab04aadf62bc679e5fcfd43cf1fb10f658ecae0ac3bb1abbe3f0f3316a10d79,40a5a37f9c16a297282b36fe832b1b1eecaca4e4ef5e56b9e8fa75f1157587e0,211047,86673,10731,19229,5213,0.2645050048828125,0.0327484130859375,0.0586822509765625,0.0159088134765625,True,True
A012,val,fire/00325,reviewed_validation,40ca289c3e8149e7378875cc87d7e4d40496bcaab4dd73079be91a36ad363689,4dcb1bafaca306d3714d2af1a83c21130b83a510586aeba1141b315fa737c502,102632,145672,3856,75520,60726,0.4445556640625,0.011767578125,0.23046875,0.185321044921875,True,True
A013,val,fire/00131,reviewed_validation,c40df7e0994e9e89a8303a0b3b86b96580e604d586f23354d4dc293f24b49968,7b6eeef2db451dc2ce9eaf92745df8419f6686cb3271efc84195ed906ca6cd51,233859,66497,1528,25796,18313,0.2029327392578125,0.0046630859375,0.07872314453125,0.0558868408203125,True,True
A014,val,fire/00525,reviewed_validation,b344438c90e2b87796a3796bb2341f345c94e55adb0463a9831b09d2cf3b42da,0adf16d58bd8e369f37fe91f593aeba2c335f7a148b294e0695b9b75a93ad474,193788,89360,10133,34399,16105,0.272705078125,0.0309234619140625,0.1049774169921875,0.0491485595703125,True,True
A015,val,fire/00284,reviewed_validation,49f426fa152eb3a4566113d345b10ec0b19556f7fa4f97fa71e8611612de1dd7,a1cfb5ec55db77c6e32319d7010c874da20f50ad2c4588744783d503fff701e0,188622,85927,15654,37477,17052,0.2622283935546875,0.047772216796875,0.1143707275390625,0.05203857421875,True,True
A016,val,fire/00197,reviewed_validation,f3a91139c6ec7a47b468b0892ce3ba5e8ce8091dba21a7f2a72c69f702ebb001,89237273f1e7de291684c51eee1d48d964f44fd78265e2ed9644cfa906512c93,179262,102309,13128,32981,17770,0.3122222900390625,0.0400634765625,0.1006500244140625,0.054229736328125,True,True
A017,val,fire/00314,reviewed_validation,95967a3c6ec288dbd7e840e5dbeb3c887aa6aebd3afbeb6bfa4f92543b0d1111,28e35145f6503cef320e92aa7929c06bcc23e8adfe0d4848253d407eeb8a37b8,181098,110008,13138,23436,8628,0.3357177734375,0.040093994140625,0.07152099609375,0.02633056640625,True,True
A018,val,fire/00396,reviewed_validation,df5c4b58f1bb6f3fae917d95ee387a4e4f653f3c91d343932d3af068250ff733,ae4a2561ac0cf936f42a3c36d8126012b5a4b65de2a4e89ab4f739c45a23e855,175973,69611,18351,63745,41710,0.2124359130859375,0.0560028076171875,0.1945343017578125,0.127288818359375,True,True
A019,val,fire/00566,reviewed_validation,95cc66c3f5a0b032f0526d69737bd691ad9495d30779e045af42094c1d666f69,46d53bcb4d375eff78165519a581b7544dabeb3ace4c941616d8be1cdabb7c51,223793,64813,18041,21033,0,0.1977935791015625,0.0550567626953125,0.0641876220703125,0.0,True,True
A020,val,fire/00515,reviewed_validation,b4b5fedc9c96abbd592dc1a9f84c0e9cb5f1751750beee8f79fe1b27ebeb750f,b6ce320eeab3faaf933cdf18662d10ff554745dda4ece5cefea3e6af379a8e84,181891,105044,12855,27890,7091,0.32056884765625,0.0392303466796875,0.085113525390625,0.0216400146484375,True,True
A021,val,fire/00269,reviewed_validation,94f18a47faad9ccc5452f957aca1c3fa157c41f5474997ca7fd5d6f316cd6295,dfa98f1b9a3f67f6ccbf376c9c8ad3e2f2cd4565a47eda9a3198456321cc01fe,249363,31498,6239,40580,26135,0.096124267578125,0.0190399169921875,0.12384033203125,0.0797576904296875,True,True
A022,val,fire/00077,reviewed_validation,aea6be9259501030500a1c33e8ad173128600b541bf59a638bf071a1aa250541,8c43d21b0435c984f561f8eabcd4f45a595e494616dab610adfbce3359c98ff8,240078,51486,4319,31797,17861,0.157122802734375,0.0131805419921875,0.0970367431640625,0.0545074462890625,True,True
A023,val,fire/00600,reviewed_validation,4fc27d146f53e07ffea2dc9219530ac9950b036a93e13f5a03181a74cb217589,1e45d9ec2dd6d9649306315b897876890b54f36a0d457ca4ffec5a23f58e4bd3,259038,32799,3685,32158,19527,0.1000946044921875,0.0112457275390625,0.098138427734375,0.0595916748046875,True,True
A024,val,fire/00105,reviewed_validation,4c6f28ea89c6ff6ad15d4ff998c18874bf79ea3ae12480bde66a30c487224b50,a8771993ac68392a0365594331f38a172b659e2026b475235ce417955b7d594b,228324,47929,6026,45401,31160,0.1462677001953125,0.018389892578125,0.1385528564453125,0.0950927734375,True,True
A025,val,fire/00374,reviewed_validation,dbfbd8269244c1afbc7cd9fc163df82d589aede4b019e3b71acd16510fe37825,922103e4ea2a8b1a378a4be6bb978121134f124171c79770c2f78fb246a91da4,230432,48040,4077,45131,32202,0.1466064453125,0.0124420166015625,0.1377288818359375,0.098272705078125,True,True
A026,val,fire/00181,reviewed_validation,466f5822d0ec866cf3c8ecf9c5905450bb95652cdf037d401cd668379d45c640,864adaf380916f9bdc6d3854374ddbcebc4178928a118299c8b9ec379656e04d,221163,55255,3000,48262,36969,0.1686248779296875,0.0091552734375,0.147283935546875,0.1128204345703125,True,True
A027,val,fire/00533,reviewed_validation,4a1789845d81355716a2b5509bcb854d31cb9045990504e8280e7ed851586ea0,ce048c66191da232969bc5964adc6803b7c3266ba89b3e0e1fade90359117485,265864,23891,4484,33441,24974,0.0729095458984375,0.01368408203125,0.1020538330078125,0.076214599609375,True,True
A028,val,fire/00322,reviewed_validation,1beaba81f6c2c112a97a3e8c30bd9924f119afeba03fdf76b1bd563712452d3b,34c678b985a9a3db03e145afc1d1561145a2d64d54d0cbcde6ed17f05c9e1413,275576,25515,3581,23008,15570,0.0778656005859375,0.0109283447265625,0.07021484375,0.047515869140625,True,True
A029,val,fire/00278,reviewed_validation,a00ea2730cdb958e67e446ccee578f588edc9e920b591e075ca9bba8524da3f7,5713da197f5353336cfa3dd55be8fd3c3670f191f5c52ab60b045db00b05bf36,280160,23013,3044,21463,14811,0.0702301025390625,0.00928955078125,0.0654998779296875,0.0451995849609375,True,True
A030,val,fire/00394,reviewed_validation,bf637a80417e484ada58adb271c1472d4170254547fb0c079d7a38da9f1e6977,c01d54f8a2505fd7a94363bcfd661671794aee240dbfb55167392628d8727a1b,278296,27333,2534,19517,13627,0.0834136962890625,0.007733154296875,0.0595611572265625,0.0415863037109375,True,True
A031,val,fire/00458,reviewed_validation,45e0a38a9c5d61564bda71eb06b87043e5d4c6ba736766f3347c2438d888b524,89c50320acd697ab2e6fce515ee54fbd31e96acf58742da805cd691e95c4c0ab,266172,29269,5761,26478,16315,0.0893218994140625,0.0175811767578125,0.080804443359375,0.0497894287109375,True,True
A032,val,fire/00249,reviewed_validation,2da6992d27d42e0459483a7d66ff4c18bcb8a176b595041e0b1676ffeef7287a,ee3f6c4ecf657ce6dbd53a0f9075281f23ed94d892f971df8f0cfa48d2d87e2f,191707,111150,2078,22745,13533,0.339202880859375,0.006341552734375,0.0694122314453125,0.0412994384765625,True,True
A033,val,fire/00352,reviewed_validation,7ce8dd2b4e007edaa1cffb5eee57b2217a00c4a2a1068419c3cedad84fe0f231,45efd6eb641f410627e6124c7585cf5077adc4fa5c235f346add48d3803fc398,190956,98993,2735,34996,24939,0.3021026611328125,0.0083465576171875,0.10679931640625,0.0761077880859375,True,True
A034,val,fire/00184,reviewed_validation,688ef80a67cc6331226dd29b04d74e5ef7b85e4eecbe1f05bfecb9b14f57f72c,afad45a338ec80e13af297941369a1ce504903142e8055a35bf31c95cce608ed,230203,66260,4851,26366,15676,0.20220947265625,0.0148040771484375,0.080462646484375,0.04783935546875,True,True
A035,val,fire/00455,reviewed_validation,9fb0729b138e46a915ef5c28be57473dc1731f801b6c78945db6b83edf07358e,246ff8562a0023021ec5f62faf033a4436cd71d13d09b810197bfa2060dc45c3,193679,96473,2435,35093,26406,0.2944122314453125,0.0074310302734375,0.1070953369140625,0.080584716796875,True,True
A036,val,fire/00022,reviewed_validation,ef3900c96ab7931816856752ab6caa4511ed5244f6ecb0e5500cbfd3b9c11d17,64119529382dcd4bc48bb51aa4370053373f608c1b5f9605c1d1f5c5f9f98b8c,237601,78837,2945,8297,0,0.2405914306640625,0.0089874267578125,0.0253204345703125,0.0,True,True
A037,val,fire/00110,reviewed_validation,082f61513750468a27e1788e74ae644eea3e4e33dfc6182eee50b205c4913298,9cd38c46ef217785eafef0b0eaa55453261bd4c4219572ca4d0b6d4dd9fd3473,191384,53792,14294,68210,51215,0.16416015625,0.043621826171875,0.208160400390625,0.1562957763671875,True,True
A038,val,fire/00075,reviewed_validation,ff6dfe22395dcd617e3164bd958c55309f8fc625724e9c8ed035ac00fa6faa45,ef15ef529180c5d997003a467a90f1d3ec166ad723f103a3b30b371e025292fd,249957,66882,3270,7571,0,0.204107666015625,0.009979248046875,0.0231048583984375,0.0,True,True
A039,val,fire/00111,reviewed_validation,9c9c1f83b56281b2a5ce8b8195e187ee4d46bcf8fd44b4da72fca11dff071493,d5f5d46d55659ca70441888065c247362614a0986e10aaf71731f3c019e4b514,212473,76534,5842,32831,22441,0.233563232421875,0.017828369140625,0.1001922607421875,0.0684844970703125,True,True
A040,val,fire/00305,reviewed_validation,808983e6cb46131eded3cfed7a3127495f54fd07e5953590ec097c430e79568a,0ea7a3f3ecb1aa3dfe3c23543c9fb956813f7bf7074761893fadc9a0a44269ff,187955,91559,4052,44114,32447,0.2794158935546875,0.01236572265625,0.134625244140625,0.0990203857421875,True,True
A041,val,fire/00431,reviewed_validation,668db4241d1c0c0fd2bcc9530b93ffaaca4aeb95828d99dd3716f7dfd21f1e15,15c134f7a5cc9278a9058f51d0a62ae99ef9373373aa826413ff5f08c2bdc44d,193418,89703,4100,40459,31067,0.2737518310546875,0.01251220703125,0.1234710693359375,0.0948089599609375,True,True
A042,val,fire/00612,reviewed_validation,2f079fe549c22ed903a03e50b28ba74ce8d0f72b3532c90ec48bd04f1fec1618,f0e69510e1a63431823be997bf90b20487750972aac6a93b5cf9a99bf1686cb0,60577,204098,6394,56611,37611,0.622857666015625,0.019512939453125,0.1727630615234375,0.1147796630859375,True,True
A043,val,fire/00463,reviewed_validation,530a6f611e3c910a47a22294a4cbbb06e1fbe3b8e23f0f2a1fc59f0fab3217e0,9cc717423bc42b5d75950b3f025e83b8a371e3d3b7a8754ed5525abaf18e5eb7,124838,167997,2459,32386,25574,0.5126861572265625,0.0075042724609375,0.098834228515625,0.078045654296875,True,True
A044,val,fire/00380,reviewed_validation,2cc5a069aac17fd3cd5984ecfad21b5a7c4d3f0d655f4728263f110160791063,4d38b5dc83fce19859ff244ee3341a6e60520c5b3fe65e393a2e746c21e497e2,209231,110528,1538,6383,0,0.3373046875,0.004693603515625,0.0194793701171875,0.0,True,True
A045,val,fire/00304,reviewed_validation,d9546bb8c13bbf21d9dcb0387800be7bc073e76b178d72fe5926c32bb34429fb,b105ea1512a36ee9c9246b786506c9a87bd6300cc5428e4ba4c685be6ee75428,142812,114443,6246,64179,53247,0.3492523193359375,0.019061279296875,0.1958587646484375,0.1624969482421875,True,True
A046,val,fire/00274,reviewed_validation,7848accf3da944f5433a6d7a3290634fe81eff2c7a47809dba307de45f913862,d3fda7752ed6eb196aa1906e8b7e950d4705a54a2e6b790c34239064be1f8390,187290,103839,6882,29669,17979,0.3168914794921875,0.021002197265625,0.0905426025390625,0.0548675537109375,True,True
A047,val,fire/00572,reviewed_validation,c45aec935e55510de07238543ca1252f3710ff0d68649448f15d87cb79d47711,139f6010a0efffb9a42683f23a8e46af7adae046a0aea3d40dcc3bc1c7a0e6b1,201843,102517,2502,20818,12000,0.3128570556640625,0.007635498046875,0.063531494140625,0.03662109375,True,True
A048,train,fire/00137,empty_fire_hotspot,3620a28eb3bc8bf135f497f02375f287ba4862d7387fee2d8c96a4503e7f1917,f1b0b3d18510a9c5de74d5197baab45d7ad80320158caf77701c39ca8a07d592,283139,37666,1546,5329,0,0.114947509765625,0.004718017578125,0.0162628173828125,0.0,True,True
A049,train,fire/00531,empty_fire_hotspot,f3e1d61fab3f22e9cc64ad10392224f968fc6c8b21f04a8dcb3bd448cb7cea30,700dee90ec86a83133bac986fba383112f64d681f68584ef3daf74cc81fcb2d2,326758,922,0,0,0,0.002813720703125,0.0,0.0,0.0,True,True
A050,train,fire/00070,empty_fire_hotspot,5a1f7779aed682f871b35eca8a705e9e06994dd6bf5a25fb73b9547c29b6a53b,91ccd5ce7630c138c236b497dc784d20e95e3784ce50975cf8c1f790f14528bd,305907,17712,142,3919,0,0.054052734375,0.000433349609375,0.0119598388671875,0.0,True,True
A051,train,fire/00091,empty_fire_hotspot,c534696d6dca3398825d0eaa7458914c84b7c36fdb15736ede47a2345807d1be,7cd30b55357c5bed2a5a751eec64f3c4a6dab56786dff04d5e4bb05dccf2c48a,306737,19729,86,1128,0,0.0602081298828125,0.000262451171875,0.0034423828125,0.0,True,True
A052,train,fire/00334,empty_fire_hotspot,6904e371f82c0e93af5ce181089839c86563ac2ae4bbb019292825b892a16205,e0d503335c819ff1bb7f47cbe6815120467eb6aea8bf41db0168dd6ba9220331,304507,20791,211,2171,0,0.0634490966796875,0.0006439208984375,0.0066253662109375,0.0,True,True
A053,train,fire/00157,empty_fire_hotspot,dbbc28eac8353410f49d3e497890459f76abab43a639be792aae8bf4b3e5a6c2,cf618395bdc7735b70eb65e2a88e32d2320d568ff104b06f4842fbc382214721,314844,12616,0,220,0,0.0385009765625,0.0,0.00067138671875,0.0,True,True
A054,train,fire/00313,empty_fire_hotspot,b9cfa553292f080dbc463707231226ee3673aaa4d5c3257d9462e456ec86ec32,b9cfa553292f080dbc463707231226ee3673aaa4d5c3257d9462e456ec86ec32,325931,0,70,1679,0,0.0,0.000213623046875,0.0051239013671875,0.0,True,True
A055,train,fire/00006,empty_fire_hotspot,1f15ba6bd029e87c94757e23e6c72e2e1dc8ca0153a2e3a364175c09dfd32952,89734f9ebdf28608416fd0ff27717ef8635bcaa0e22a925ff43ac67f365f7c50,284627,40408,300,2345,0,0.1233154296875,0.00091552734375,0.0071563720703125,0.0,True,True
A056,train,fire/00258,empty_fire_hotspot,ebca4f517317afff2328063a68823d92c9f234443091ad50c0c4e72255471e6e,0cad7425fcc1c5d9fb400817c64ca5950813d8ec82af340ce6fb0ac0f4d75ac8,293680,31775,553,1672,0,0.0969696044921875,0.0016876220703125,0.0051025390625,0.0,True,True
A057,train,fire/00614,empty_fire_hotspot,a72a5f3d0c6eadeed5b4edeb66245c3ae5c6fb60ce12ad0645187c9e735856e1,6635c3434c9e66b6ca6148075ee4ce6fe3ed55afc0e90dc78499066d32573cf2,322949,2248,18,2465,0,0.0068603515625,5.4931640625e-05,0.0075225830078125,0.0,True,True
A058,train,fire/00421,empty_fire_hotspot,a96441459704e8d054df183c7c1f342533e84121e9c98e2df6dd2a4cb58f2a0d,d52927039b9d95b97c2fd14e69e0f770dce84d776962eb90adc5b209873b4b8f,266452,20208,7,41013,39814,0.061669921875,2.13623046875e-05,0.1251617431640625,0.121502685546875,True,True
A059,train,fire/00556,empty_fire_hotspot,656bfface9524a6b640464b097d7f80791c196ad5434619c994d4dac75bb4e7c,425ae2c4bdf6d78cc576da57bfede51ef02f3a9e557f1f5e6ef583ec4948c016,251667,71065,969,3979,0,0.2168731689453125,0.0029571533203125,0.0121429443359375,0.0,True,True
A060,train,fire/00571,empty_fire_hotspot,ccefe04e275459c70b96a89f1b7c5ba990296c84f060752a975d68cefedb4597,5ec5f4823a5de9656c72c464cdb31a5be7300fdc23aa49024e7e21980d7e5c74,318891,7525,149,1115,0,0.0229644775390625,0.0004547119140625,0.0034027099609375,0.0,True,True
A061,train,fire/00569,empty_fire_hotspot,8f65b4c40273b4acea3539c62a2a96e3f2fcc4612fa8bc8abcae1ab151c78a58,4ea3a61b076c0465b2660cf72a428d53b8c3b2cca114acdd65eb26ff1ba3c658,288852,34831,1093,2904,0,0.1062957763671875,0.0033355712890625,0.0088623046875,0.0,True,True
A062,train,fire/00010,empty_fire_hotspot,4119c89400f08afeed63bfb1f22b1dc3763ef94ad98de6119c5a4548d45b80ef,04e6e72bb4da0bd2922791b6ec788a1e7cf74cdea91985679e3fcb2bee078798,301293,23768,16,2603,0,0.0725341796875,4.8828125e-05,0.0079437255859375,0.0,True,True
A063,train,fire/00446,empty_fire_hotspot,cfe5b64400726db245af8decc387ed30d9c7e98f3864de0a865861178d242ae4,6ff1344f5a8bdd82442a1e41c4e8d22d8ff8db02f46a0847079163d45f3eb10c,302397,22100,578,2605,0,0.06744384765625,0.001763916015625,0.0079498291015625,0.0,True,True
A064,train,fire/00251,empty_fire_hotspot,4e23af246eadd12e0bca859c5c04f8308021560d0cdaab98a356415792fec655,21969062a71f572ca9852a1ed62dab12b572458d3da64fd8c8235e00af2b65c4,314241,9339,44,4056,0,0.0285003662109375,0.00013427734375,0.0123779296875,0.0,True,True
A065,train,fire/00287,empty_fire_hotspot,2b10874de2e554f64af3a2a2e2b4f12b0b9f7bb655aa1e4c9069a052b631a90f,7bee86db1c79061f3623bf67ab61ef56bc5394af106e9861c83a5b796b71d938,320739,5030,8,1903,0,0.015350341796875,2.44140625e-05,0.0058074951171875,0.0,True,True
A066,train,fire/00253,empty_fire_hotspot,f30358413ee789aeea55ecb8673486ef6bd7f0ce7cf203870ef7d79cf2fe0914,cd7e40406710ecdc4c08cfbf77f17bc5ae990147356d269bfb938a62b178a5b1,307342,19463,1,874,0,0.0593963623046875,3.0517578125e-06,0.002667236328125,0.0,True,True
A067,train,fire/00459,empty_fire_hotspot,397c5c1574163ff570463bf1306151de22ade15a0f2dea552341d82b3c689edc,7005af9e34589477f146b4138a68d2fd2c5229d79f37aa0f77f74d5b81ffa1d0,284730,42329,0,621,0,0.1291778564453125,0.0,0.0018951416015625,0.0,True,True
A068,train,fire/00247,empty_fire_hotspot,40695f0adaa447468bb195ca97ea3284fe9bb18ab97d591c79b1277084332762,bbd64347bf3eaac7581a670f9977c2755e964b7990b3ff38338c0e77a1e70f47,300544,21688,1131,4317,952,0.0661865234375,0.0034515380859375,0.0131744384765625,0.0029052734375,True,True
A069,train,fire/00302,empty_fire_hotspot,d429cc0cefe05f55d46987ad69864f62a7c8ad280f0e4e8227f83ecc72d2c9d3,f50bf04eb04b4b87c39635e2a34f7d6f3b7c10e919fcbf4efc3718d02194106a,290312,32905,712,3751,0,0.1004180908203125,0.0021728515625,0.0114471435546875,0.0,True,True
A070,train,fire/00544,empty_fire_hotspot,53ee48f2105ee5092a38e1019f424cf82eda193d18f390b652f146b6ac3739cc,f06fa30c8ec41d7583b06052970a7cf6d8e1873ebef854760aef02955a496d8c,299403,20125,806,7346,5270,0.0614166259765625,0.002459716796875,0.022418212890625,0.016082763671875,True,True
A071,train,fire/00450,empty_fire_hotspot,499e793afbdf375f095d3d4db1f11b852679aaad1d7e91e4fd11318cb6cac91d,77bb435c1f2e8dc582e9269334a3d6348927384bffe8844612016ede3a0a990d,316709,7489,12,3470,0,0.0228546142578125,3.662109375e-05,0.010589599609375,0.0,True,True
A072,train,fire/00449,empty_fire_hotspot,b143dfbf7dd9db15bd68d4650c6e062149377f06e96c6bc1c02235502233d3f8,e9522a8ec850690e2188aa382e53d1f52bf158a74d9d6cf14986baaeeecc27bb,310387,15439,273,1581,0,0.0471160888671875,0.0008331298828125,0.0048248291015625,0.0,True,True
A073,train,fire/00486,empty_fire_hotspot,5471992cdf2aefff3ba39955f6cfbfa6865b62c17cbc7c1f1368455b6f3a2b84,3d98048e08a3f55e3d3e6b009943a48776c53488167cb167de5b738c024e10de,318865,7326,188,1301,0,0.022357177734375,0.00057373046875,0.0039703369140625,0.0,True,True
A074,train,fire/00143,empty_fire_hotspot,ffb2fa9ff85e5c2ab6de18a2af88632d75bae9629337f93b9dd1c9e16d6ae009,ffb2fa9ff85e5c2ab6de18a2af88632d75bae9629337f93b9dd1c9e16d6ae009,325625,0,15,2040,0,0.0,4.57763671875e-05,0.0062255859375,0.0,True,True
A075,train,fire/00335,empty_fire_hotspot,f9f8f8a5f51a58aa264293bb3d6933d882193ea76d3f3c086aa3ef4b50a25b70,0d6c7ad85bece1004e45e14580c3f79f797588a770e10622172a698b7f0dc165,302207,24446,42,985,0,0.074603271484375,0.000128173828125,0.0030059814453125,0.0,True,True
A076,train,fire/00517,empty_fire_hotspot,507f08eaab6a773951e6c0699afba353064ef4905a88c722e8ad9e545a7c6b57,48d6179610ffe4769c5eb53d7a3bbdcf1b6c8c2f23494a5b896f056a17ce8e31,306392,20973,0,315,0,0.0640045166015625,0.0,0.0009613037109375,0.0,True,True
A077,train,fire/00538,empty_fire_hotspot,8bc3033788e4925670746e7b7461b75368c98ee5861328fe9d81e647225f23f6,f238809452e9e1591f52983b12738d535989b6fcd87b49b4fcebbc04d690541b,304686,19379,29,3586,0,0.0591400146484375,8.85009765625e-05,0.010943603515625,0.0,True,True
A078,train,fire/00170,suspected_label_gap_hot_noncore,00ddf9d40cc8fd76ed4b93855962fa0aad4a549d49d1ab1bdc032ba1fde1cd1a,6ac93c06c4ab9c53a3470ff467703f0218031795523d3b87efeb8fe95879f264,168875,113059,9071,36675,0,0.3450286865234375,0.0276824951171875,0.1119232177734375,0.0,True,True
A079,train,fire/00466,suspected_label_gap_hot_noncore,c3b6dfa213f3f551cda3b6bb50dc3f46879188e6f98889616f56ba1cffbe6a77,757097db5a56540310d00a4e704629b72f3cdd7adb511f225d76f23181abaeb9,30765,238905,15060,42950,0,0.7290802001953125,0.04595947265625,0.131072998046875,0.0,True,True
A080,train,fire/00213,suspected_label_gap_hot_noncore,5db2c5ad2cccbe5b569e96481272f5109eb334f877ff2781ec36d1c136cbcfa8,7249a0f413bce91f34b31be8610d14d09491bb8dacc212c6d3c67596eadb3c5d,39058,228062,17013,43547,0,0.695989990234375,0.0519195556640625,0.1328948974609375,0.0,True,True
A081,train,fire/00281,suspected_label_gap_hot_noncore,83f8480a5b2a73ff10510478155b918d559507c1f218cab4fc285d88c0811d33,5d74754cda2d5d54c00be2ec279db1ba8935973f2b60dcedf115cc103b6e4f17,137815,130127,17569,42169,0,0.3971160888671875,0.0536163330078125,0.1286895751953125,0.0,True,True
A082,train,fire/00467,suspected_label_gap_hot_noncore,2b0074f9b134ca8c919e00090e973563f3262df759bde4851e17f7afbcb08495,b17d40a36df9289ce702d644511159f6396a36b7aab239671e5bf73b5c44be0d,148257,119398,16268,43757,0,0.364373779296875,0.04964599609375,0.1335357666015625,0.0,True,True
A083,train,fire/00224,suspected_label_gap_hot_noncore,a026ffd20353b24681493bc6856ed6c1c73184cbd301bd245398ca480b0453df,a0dc5f9d2b4a63efb4015a8bb926a99260aa4e29df2c426435c17494e0123245,145358,154309,3223,24790,2793,0.4709136962890625,0.0098358154296875,0.075653076171875,0.0085235595703125,True,True
A084,train,fire/00297,suspected_label_gap_hot_noncore,093387ff04bbcd4d7923878e30a3937258848ef63f49e9aac1336b8d62d2eb9c,15a9883f8017df16d742ca8d2c72a831bbb95fb4eddccb7af07d5654f8eb4e0f,174825,131509,4974,16372,0,0.4013336181640625,0.015179443359375,0.04996337890625,0.0,True,True
A085,train,fire/00078,suspected_label_gap_hot_noncore,2f6587ac0dbf23af03fcd7fb1db9074f54fcc5e84023d449d0822070977d2221,4214e826f60e7a3b742acd9b01a6092cbc1508af42803117dea3a2d629204c47,262056,51229,4676,9719,0,0.1563385009765625,0.01427001953125,0.0296600341796875,0.0,True,True
A086,train,fire/00074,suspected_label_gap_hot_noncore,090f33791448f98d5a01280506b3ec97ec132b472d1115dcf6e0f39c34947bfe,75a3d8c9da0f12614a7c977700f989af4580c0e429535db43752bf7d96efe075,204846,110377,3166,9291,0,0.3368438720703125,0.009661865234375,0.0283538818359375,0.0,True,True
A087,train,fire/00040,suspected_label_gap_hot_noncore,a495a3aa53ed50ded977f8e7568ac57c7aa25fc6ebcaee5c1e01a1ec9f00dbd7,92e8356e167f85ef2cf93f12a33db84df3b6016d168af61f26d29a793f961530,208148,83100,4544,31888,18111,0.25360107421875,0.0138671875,0.097314453125,0.0552703857421875,True,True
A088,train,fire/00056,suspected_label_gap_hot_noncore,e901c9304a2ec92d218e73d689f21221ee4f8b0018a2c54731b1e66d09087de1,f9be5046617c87ad31ab2c83477e51e495a1b0fc263948688a2af6ede998640d,267515,45783,5047,9335,0,0.1397186279296875,0.0154022216796875,0.0284881591796875,0.0,True,True
A089,train,fire/00122,suspected_label_gap_hot_noncore,2299c3fba2e12d8c5f67e43a10971e7544d0480c3b35c621cfbf26bab03785cb,7104770e578720a06b21061a7e6e6f8821d1bd04e378e3fdfe9a34110f0e30ed,219144,85188,2454,20894,12010,0.25997314453125,0.007489013671875,0.063763427734375,0.036651611328125,True,True
A090,train,fire/00419,suspected_label_gap_hot_noncore,5ff5fca3dfd1287de1c30f873ee315bdc3a339aaa45ddf03e008089ceea531a5,8447a81b575809d91c3b0608cea2627807c3efd30aa34cc204721e9c3a35c497,236854,78831,2651,9344,0,0.2405731201171875,0.0080902099609375,0.028515625,0.0,True,True
A091,train,fire/00039,suspected_label_gap_hot_noncore,270c61098c484bb00569ad8cacad090ce74d62ecfc4a94f55a8218ddc566d0ca,fda0cce8cc4e15e2f9d2cc9bac915e5a3e6f35c4fa4782cf419f5148e03850de,238415,80771,2084,6410,0,0.2464935302734375,0.00635986328125,0.019561767578125,0.0,True,True
A092,train,fire/00107,suspected_label_gap_hot_noncore,a4deb925bd8767f0a25570f4b6840120afa6af75bbad03aede275c65208a636c,3bda7c1146e09a1852afdfe962860d571aa0c0cfe6204cb191d63e859fdff4e1,247282,46603,6339,27456,14225,0.1422210693359375,0.0193450927734375,0.0837890625,0.0434112548828125,True,True
A093,train,fire/00426,small_or_weak_fire_core,ff1f69838c3d2353a5be7f6c805898da5ee5f92cb57d5537e19001aa29dc8c82,0d4530b184433008940ada06ff5411dd1d8c2d74329e7b0e4f027754db74ec50,172618,153413,42,1607,0,0.4681793212890625,0.000128173828125,0.0049041748046875,0.0,True,True
A094,train,fire/00361,small_or_weak_fire_core,c286a7962d96cd4f34fdece31804e7e4ef18b3951562d86e80391aaf01db10c9,56397686944bbe09c1e4a25b163c63d5412446e74a08113bc6d9654effeebd73,196640,129387,52,1601,0,0.3948577880859375,0.00015869140625,0.0048858642578125,0.0,True,True
A095,train,fire/00557,small_or_weak_fire_core,791f8827abf7c0a82d6dd14533adbdc4b673838ad97e1a30c096f7190debc97d,af573e9329e7782368412cd8b38d88f844b8c54a0c8538e4c2789ecf59824a1e,220737,105687,66,1190,0,0.3225311279296875,0.000201416015625,0.003631591796875,0.0,True,True
A096,train,fire/00079,small_or_weak_fire_core,b7dfbfb2b40f5e475cdc73caa6c046f63703c12b6bfb5dc6b13820ec2ec652db,aded5adfd3e47c63fbc38b5ccaa24f19d0325982ae490f0ba4188df3aabb9ce9,248947,76842,88,1803,0,0.234503173828125,0.0002685546875,0.0055023193359375,0.0,True,True
A097,train,fire/00398,small_or_weak_fire_core,69d288e9c40345c7c522009b7f42048e9e93cf1aa3c6ad17fcc332a6c8711d78,454673c580a37b474277f95b40b5902bdc0f515d72d9a2e191e717b575fbb38f,240438,81869,87,5286,3459,0.2498443603515625,0.0002655029296875,0.016131591796875,0.0105560302734375,True,True
A098,train,fire/00101,small_or_weak_fire_core,88fb851791f4c6c852dd54f702f560d6f97c3d3a335b6f14448d95bead82ef1e,7c82d4e9f173c4ad2f3fff541696ef460e69b392e03b0d4102b326c30a39f179,175999,149764,102,1815,0,0.45704345703125,0.000311279296875,0.0055389404296875,0.0,True,True
A099,train,fire/00405,small_or_weak_fire_core,26f4b176d94447d250d4c94e52a8bab4265a32894ddb093a8778b314e8b18dda,c25431b8e0d4746e9ed298f233d6e447f1b3647993233c173a0b3e803efbd9f6,165977,88772,93,72838,71136,0.27091064453125,0.0002838134765625,0.222283935546875,0.21708984375,True,True
A100,train,fire/00277,small_or_weak_fire_core,9895015270f550221d936b48dfeee90730efacd01e017bee728d8cb67a4e9857,5c9a43e27c18985be14f61857a63c345c778f604e1bf3aafc10a7586290be16f,250941,73957,187,2595,0,0.2256988525390625,0.0005706787109375,0.0079193115234375,0.0,True,True
A101,train,fire/00033,small_or_weak_fire_core,5d933b120e899b9199c9c3bad1ff73186e95c88de0f35159f752ddbefea37a25,787bf1293a35ab3a08663710f7b0530d9105d807f2d30750bcc469b229fd9209,280870,43946,229,2635,0,0.134112548828125,0.0006988525390625,0.0080413818359375,0.0,True,True
A102,train,fire/00416,small_or_weak_fire_core,9b20d2534effb7746ef7039bb5cd8ec839b884706da383e48e8623c69100384d,a40abbdd03b74f26276878ea8f50188a043d62bce5a8c1854f0b62993346cfa0,276469,47570,287,3354,0,0.145172119140625,0.0008758544921875,0.010235595703125,0.0,True,True
A103,train,fire/00364,small_or_weak_fire_core,1e1d27a91f4b3bd6ce625b66a0cf09883b442706ba9f8930103be47d062dc2f1,3c07593d8b96bddec6a78edc45272734d3515013992875eacb4fbe1c320c0ead,275430,48583,304,3363,0,0.1482635498046875,0.000927734375,0.0102630615234375,0.0,True,True
A104,train,fire/00012,small_or_weak_fire_core,d542d1da892b32fa9512e79593f7d5f34b08b9c0c663754fede2f86d357df8a6,cf0fbb6b5a251e1f4a1bd9750a6768179bde05353b389ebe34ba4fb5ef7a5a51,229166,64996,301,33217,30212,0.19835205078125,0.0009185791015625,0.1013702392578125,0.09219970703125,True,True
A105,train,fire/00387,small_or_weak_fire_core,858eebe6970d290f267872e8d16a5bee97fc90a23aee691907a3013b0a4f8fe8,519d2a8df2794e059d5dcbc1d96447e5514d1a6f0246fbe9dd18bad3ba54a140,287217,36768,335,3360,0,0.11220703125,0.0010223388671875,0.01025390625,0.0,True,True
A106,train,fire/00493,small_or_weak_fire_core,530d9fa1baeaa331fae95356fa7da8c83a339715490cd8c3639fd50af40b31b2,e51efcf7649f3f43b5001deae707fa4991bcf10ff37883f0267ac58ea6f46a50,269455,54022,471,3732,0,0.164862060546875,0.0014373779296875,0.01138916015625,0.0,True,True
A107,train,fire/00318,small_or_weak_fire_core,258ada5cba447c0bf9d7e37ee8d458a4767e4ea953d8f04b9f9328183994af22,b0006461c0666335f559015a7c6e548502848ce56612612b758926084c16fda5,210727,112602,578,3773,0,0.343634033203125,0.001763916015625,0.0115142822265625,0.0,True,True
A108,train,fire/00003,small_or_weak_fire_core,4b4eb42c45f27fbd1569f508f1415ffd348e799ce607713e364762c427c3fb4b,a4eff815f2f2842ed3cc60bf6f20951b725fd4fb3e5407854b3f3310f0ef8898,163628,150615,1234,12203,0,0.4596405029296875,0.003765869140625,0.0372406005859375,0.0,True,True
A109,train,fire/00046,small_or_weak_fire_core,258e347723cd5328331ad599433db0746996f3c39a25d00a38cd96f058565d5d,9cf4bbaef534ff1a81a6fcd6d3625cf178d7c205e351d24296cf8efdea36cf59,263163,62182,366,1969,0,0.189764404296875,0.001116943359375,0.0060089111328125,0.0,True,True
A110,train,fire/00097,small_or_weak_fire_core,2811399ba660f562ccfb9366319279c97306877ea0fe7b823a996cd93b6b2959,14af3188abeeb67c7cc4c1e4eb35cadce2cb5e9cee90ca19161474b0e97cb0a2,129225,195259,481,2715,0,0.5958831787109375,0.0014678955078125,0.0082855224609375,0.0,True,True
A111,train,fire/00153,small_or_weak_fire_core,1952183a5ac88cbfbade668a6d62db1e51bf0343f04e57524093e79d5abf4c3a,b913bbbc52fe7a46a3cd810c50bc0b56b385d596b8683216909aa0dd4bcc8e91,41785,262758,582,22555,19153,0.801873779296875,0.001776123046875,0.0688323974609375,0.0584503173828125,True,True
A112,train,fire/00512,small_or_weak_fire_core,4417d3027bb3d7c2a1c1ee1bf77fc10da6a7223c207485b075ff607e1d4541f4,dcdd9679b21fce873914aa4f8e3ace6de2725fffebad2a9c5280f987509fd61b,261976,62483,569,2652,0,0.1906829833984375,0.0017364501953125,0.00809326171875,0.0,True,True
A113,train,fire/00090,small_or_weak_fire_core,159141b893fc95e17c3603fe01d118d7caf5af45893bc1a4bd080f2a73a7e418,66a9aad34ff0f3ed4928b74b65cc17d5e07d662ac71edd46e510774fc7cc309e,297750,23202,671,6057,1898,0.070806884765625,0.0020477294921875,0.0184844970703125,0.005792236328125,True,True
A114,train,fire/00243,small_or_weak_fire_core,2995fd6b019620601db250523edd90ce48d659826b16b12bf8273fd28a163ffa,d71375cd792e102029e3f230e358cb4586982a6e6a61618ca45de79443d863d9,279553,44504,674,2949,0,0.1358154296875,0.002056884765625,0.0089996337890625,0.0,True,True
A115,train,fire/00577,small_or_weak_fire_core,b3f655acebd0df249b6f803b5ea7b5e34c6c89fd1987d9583fb5da4a633d07d4,c6796de2d89e0d857280b1c55b455c176cf0847bff8f43e5706d8aff7e24bfd1,266292,40151,615,20622,17664,0.1225311279296875,0.0018768310546875,0.062933349609375,0.05390625,True,True
A116,train,fire/00618,small_or_weak_fire_core,cb12887ffafe40958cb4d534757f604622235abc701ad18ed6bb3d663f72948a,53606b4f89523e82d4a0991c3f79f8b594b92187282a9aac294a37bd4faa9c4f,204269,116103,1079,6229,0,0.3543182373046875,0.0032928466796875,0.0190093994140625,0.0,True,True
A117,train,fire/00574,small_or_weak_fire_core,07a890b03381ea27882b228ea0509e15a76ac85fbe0491380812eaeca7cd684e,676cb5d6ca13506d3594de51e4cd594a8a56e02b8851bb69407ac08a55508ef2,177388,144486,955,4851,0,0.440936279296875,0.0029144287109375,0.0148040771484375,0.0,True,True
A118,train,fire/00148,boundary_complex_fire_core,34fddcc59706ffca8879813d89a8ffe5aea4c60ac471cb67fddac940626bb40f,43f793023a18df88b1a27e8c9f7428d27ef52fae6ee88f9d78da8174f1b37dc7,190644,135198,58,1780,0,0.412591552734375,0.000177001953125,0.00543212890625,0.0,True,True
A119,train,fire/00509,boundary_complex_fire_core,09d46c2b0c0989711a52a8d818176764c247a7026d5cf5a410b9e2895c950383,409fa892dd5949864163983b23c5dbfd1e08c0896d1ef9eeee074a913dca2986,212285,105536,58,9801,8154,0.3220703125,0.000177001953125,0.0299102783203125,0.024884033203125,True,True
A120,train,fire/00425,boundary_complex_fire_core,aadfc5aa74639fea1a8e6381c3ec565a5fe95c872559e4a035cc7fa9c31381e2,cf9c0ed9821709d03bcf649710a9a3a8f750d597db7bfe09dc14adcd0df73ba9,189284,136529,55,1812,0,0.4166534423828125,0.0001678466796875,0.00552978515625,0.0,True,True
A121,train,fire/00329,boundary_complex_fire_core,e0d320cf30ad9d4e3f793f3614c41fc29936055375c495ba309a5da0b1425b0e,42fb2f1a1b660736ca5041510c3fa49c8c6053bd8c629fb12ba32f9a8ce6d6b8,243736,82005,90,1849,0,0.2502593994140625,0.000274658203125,0.0056427001953125,0.0,True,True
A122,train,fire/00299,boundary_complex_fire_core,3adcc6771ff84e996bb58ac6978ae3efcd7e0bacb89b836b946cc094008a9dff,8e360b535df31ec88774d2f4965547647e625485c591d07b63d978a629474d62,161766,114736,11863,39315,0,0.350146484375,0.0362030029296875,0.1199798583984375,0.0,True,True
A123,train,fire/00233,boundary_complex_fire_core,fc548f2b289f0410966971b8d4310cf3eb02a36dfeacccc6a2415269843d814b,b7e8032a9d0ab102b8a4be3d6b8e6502f9bdd15aea98b7f067eaa43dc6f51e4d,178567,146756,147,2210,0,0.44786376953125,0.0004486083984375,0.006744384765625,0.0,True,True
A124,train,fire/00478,boundary_complex_fire_core,3d6a535e7a0df7263ed1c519c906ef943058864eaf94132444a9d87f77493a9e,2c4c6cb3c76902af159bd4dffd99a1c449d097ef02be8870e9800d9fcf8fa501,274642,45141,316,7581,4134,0.1377593994140625,0.00096435546875,0.0231353759765625,0.012615966796875,True,True
A125,train,fire/00384,boundary_complex_fire_core,3a59b8d993781a3ff060c6487f8ce255f60f3205025fdc5c064ee0b2a5c26032,d3f3329cc092b3c7f9f5d8aa4a945942d8eb73029360123eab79939e2c2eff58,277488,46541,321,3330,0,0.1420318603515625,0.0009796142578125,0.010162353515625,0.0,True,True
A126,train,fire/00370,boundary_complex_fire_core,4e2d4c1ce5225c4c98e972b622c8d8d2934fe036ccdb3c2fd1e05cce1f1cc5f7,0cb5b1fff4c28bcccb16642f503281dd7dca5a0c1a6528b75d44f19d87d6924a,269348,54119,476,3737,0,0.1651580810546875,0.00145263671875,0.0114044189453125,0.0,True,True
A127,train,fire/00341,boundary_complex_fire_core,80bd423c0718f406fc046ba0b672c24480d37f6fd4b5aa519a511ef6e9cafb9a,485bf27403e606004dcac006e6c8ae2c789e4ad0077a51c6f6f165b79ac3e361,269104,55475,271,2830,0,0.1692962646484375,0.0008270263671875,0.008636474609375,0.0,True,True
A128,train,fire/00579,boundary_complex_fire_core,49c485a416134ca5c2084818d7fc037d0d7765604d0a461e06898801c6494df0,bd15fe1ba7ca7c94377a18c833df4a1352517bd80e71defafe9e08d58e13b2d9,271034,49220,296,7130,3889,0.15020751953125,0.0009033203125,0.021759033203125,0.0118682861328125,True,True
A129,train,fire/00126,boundary_complex_fire_core,fd43cfcfda447a7c93f4605f8142a9d14745c47709b02523f19ad8f3c065442f,b711cf990459b9da0faf8a6e189d5d36655e7f4a38a3decfc0c580e1ee81d8b8,172730,142916,63,11971,10779,0.43614501953125,0.0001922607421875,0.0365325927734375,0.0328948974609375,True,True
A130,train,fire/00216,boundary_complex_fire_core,3f5ed34197fb93a32b521aa00b77fbfff2e71827a10b2962d25f88a9fde56ac5,a8d9fde928061924bee54238bf338e78029cbbbbaf956f3939b38f4e30d168e1,240782,66946,298,19654,16234,0.204302978515625,0.000909423828125,0.059979248046875,0.049542236328125,True,True
A131,train,fire/00069,boundary_complex_fire_core,9bced8ec36b212ac505682de2ebc66c011237112dcc73d194465bb0b27a655d0,710955162be139dba619977d31084e694381d27d5d00b8c03e6b91bfbb657059,158386,142455,2468,24371,7980,0.4347381591796875,0.00753173828125,0.0743743896484375,0.02435302734375,True,True
A132,train,fire/00563,boundary_complex_fire_core,c94ed49ac4136d8bafc3c43373717b639be0ab06248fbe9ef3cfe9fa9a740851,baad0f40d96e5c7e944d4f733d899af01d7ae67096babd982864e17297f06a44,163220,135398,3421,25641,7844,0.413201904296875,0.0104400634765625,0.0782501220703125,0.02393798828125,True,True
A133,train,fire/00293,boundary_complex_fire_core,d3bc5afc9aaa83345acb21424aa8ae5c585f0c9a896e498f3ca8f0d06319a8f2,e4cce3d17a14e97cc8ae79cae2be3862f21a8719e7f646337a88a1505cfdcfb7,164641,150110,2069,10860,0,0.458099365234375,0.0063140869140625,0.03314208984375,0.0,True,True
A134,train,fire/00460,boundary_complex_fire_core,2a0d99923968ed1e838ae0824e4b0bd9fd6a112415877c44e8ff13bd5a4480e7,664b6d663b694b57b66b1ac52f14f4cec5e3dbf99908ba9fbaa937c02052d1d3,128145,188361,413,10761,8140,0.5748321533203125,0.0012603759765625,0.0328399658203125,0.02484130859375,True,True
A135,train,fire/00282,boundary_complex_fire_core,f0b95a4ad93c220b870a1c197ff82c63321b4ae436c930c365a55059c9f084c9,6272c3bd88b30b0a8f1f8f1e7da198ba80cfb900369cdb141042ac3b137834d4,231773,74244,750,20913,17436,0.22657470703125,0.002288818359375,0.0638214111328125,0.05321044921875,True,True
A136,train,fire/00298,boundary_complex_fire_core,9a0aa20efaa9edf1a2590155a09b93fcc3c2a40c522ca2e1ea24742b6b1c3051,aea6674454fd5f66ef248f108aed549db91f22e769c4080fd3cccbf37ba6e76e,242977,68692,742,15269,11665,0.20963134765625,0.002264404296875,0.0465972900390625,0.0355987548828125,True,True
A137,train,fire/00378,boundary_complex_fire_core,53cbfc9a103599c0f88f28789adb308ef4d59cf9e0d81edc4f235ca72f1bdbe5,14b46c469fe9ddc8ba9c48ef0bd345a98b8d61326bc7a0caf5ff420e49027acd,244253,79046,765,3616,139,0.241229248046875,0.0023345947265625,0.01103515625,0.0004241943359375,True,True
A138,train,no_fire/00102,no_fire_hotspot_negative,700dee90ec86a83133bac986fba383112f64d681f68584ef3daf74cc81fcb2d2,700dee90ec86a83133bac986fba383112f64d681f68584ef3daf74cc81fcb2d2,327680,0,0,0,0,0.0,0.0,0.0,0.0,True,True
A139,train,no_fire/00003,no_fire_hotspot_negative,700dee90ec86a83133bac986fba383112f64d681f68584ef3daf74cc81fcb2d2,700dee90ec86a83133bac986fba383112f64d681f68584ef3daf74cc81fcb2d2,327680,0,0,0,0,0.0,0.0,0.0,0.0,True,True
A140,train,no_fire/00106,no_fire_hotspot_negative,700dee90ec86a83133bac986fba383112f64d681f68584ef3daf74cc81fcb2d2,700dee90ec86a83133bac986fba383112f64d681f68584ef3daf74cc81fcb2d2,327680,0,0,0,0,0.0,0.0,0.0,0.0,True,True
A141,train,no_fire/00079,no_fire_hotspot_negative,700dee90ec86a83133bac986fba383112f64d681f68584ef3daf74cc81fcb2d2,700dee90ec86a83133bac986fba383112f64d681f68584ef3daf74cc81fcb2d2,327680,0,0,0,0,0.0,0.0,0.0,0.0,True,True
A142,train,no_fire/00011,no_fire_hotspot_negative,700dee90ec86a83133bac986fba383112f64d681f68584ef3daf74cc81fcb2d2,700dee90ec86a83133bac986fba383112f64d681f68584ef3daf74cc81fcb2d2,327680,0,0,0,0,0.0,0.0,0.0,0.0,True,True
A143,train,no_fire/00080,no_fire_hotspot_negative,700dee90ec86a83133bac986fba383112f64d681f68584ef3daf74cc81fcb2d2,700dee90ec86a83133bac986fba383112f64d681f68584ef3daf74cc81fcb2d2,327680,0,0,0,0,0.0,0.0,0.0,0.0,True,True
A144,train,no_fire/00058,no_fire_hotspot_negative,700dee90ec86a83133bac986fba383112f64d681f68584ef3daf74cc81fcb2d2,700dee90ec86a83133bac986fba383112f64d681f68584ef3daf74cc81fcb2d2,327680,0,0,0,0,0.0,0.0,0.0,0.0,True,True
A145,train,no_fire/00092,no_fire_hotspot_negative,700dee90ec86a83133bac986fba383112f64d681f68584ef3daf74cc81fcb2d2,700dee90ec86a83133bac986fba383112f64d681f68584ef3daf74cc81fcb2d2,327680,0,0,0,0,0.0,0.0,0.0,0.0,True,True
A146,train,no_fire/00019,no_fire_hotspot_negative,700dee90ec86a83133bac986fba383112f64d681f68584ef3daf74cc81fcb2d2,700dee90ec86a83133bac986fba383112f64d681f68584ef3daf74cc81fcb2d2,327680,0,0,0,0,0.0,0.0,0.0,0.0,True,True
A147,train,no_fire/00023,no_fire_hotspot_negative,700dee90ec86a83133bac986fba383112f64d681f68584ef3daf74cc81fcb2d2,700dee90ec86a83133bac986fba383112f64d681f68584ef3daf74cc81fcb2d2,327680,0,0,0,0,0.0,0.0,0.0,0.0,True,True
A148,train,no_fire/00029,no_fire_hotspot_negative,700dee90ec86a83133bac986fba383112f64d681f68584ef3daf74cc81fcb2d2,700dee90ec86a83133bac986fba383112f64d681f68584ef3daf74cc81fcb2d2,327680,0,0,0,0,0.0,0.0,0.0,0.0,True,True
A149,train,no_fire/00056,no_fire_hotspot_negative,700dee90ec86a83133bac986fba383112f64d681f68584ef3daf74cc81fcb2d2,700dee90ec86a83133bac986fba383112f64d681f68584ef3daf74cc81fcb2d2,327680,0,0,0,0,0.0,0.0,0.0,0.0,True,True
A150,train,no_fire/00033,no_fire_hotspot_negative,700dee90ec86a83133bac986fba383112f64d681f68584ef3daf74cc81fcb2d2,700dee90ec86a83133bac986fba383112f64d681f68584ef3daf74cc81fcb2d2,327680,0,0,0,0,0.0,0.0,0.0,0.0,True,True
