condition,metric,seed,Y_B0,Y_R1,Y_R2,Y_R3,R1_minus_B0,R2_minus_B0,interaction,Fire_used_for_decision
thermal_noise_002,smoke_iou_A001_A047,200,0.6764245389872071,0.647843987833682,0.6227585431543191,0.6391605223657211,-0.02858055115352509,-0.053665995832888,0.044982530364927054,False
thermal_noise_002,smoke_iou_A001_A047,201,0.6696368857896391,0.6757062839465261,0.6392692946419951,0.6962607432501671,0.006069398156887007,-0.03036759114764398,0.05092205045128495,False
thermal_noise_002,smoke_iou_A001_A047,202,0.6564417742446463,0.6195282053542426,0.6311107493075536,0.6615046114261484,-0.03691356889040376,-0.025331024937092717,0.0673074310089985,False
thermal_noise_002,selection_score_S_record_only,200,0.763781012089281,0.7050251028530872,0.678341166933875,0.6798266976411782,-0.05875590923619378,-0.08543984515540592,0.060241439943496955,False
thermal_noise_002,selection_score_S_record_only,201,0.7726925573800534,0.7155659921339848,0.7106203692836054,0.7237298467497989,-0.05712656524606863,-0.06207218809644799,0.07023604271226214,False
thermal_noise_002,selection_score_S_record_only,202,0.7428947717738748,0.6413125157735463,0.6492175924572836,0.6746960200036476,-0.10158225600032844,-0.09367717931659114,0.12706068354669242,False
thermal_noise_002,three_class_miou_A001_A047_record_only,200,0.7889701112405559,0.7464004728669502,0.7336004890942804,0.7318454005307246,-0.04256963837360572,-0.0553696221462755,0.04081454981004984,False
thermal_noise_002,three_class_miou_A001_A047_record_only,201,0.7971279696027104,0.757473372593139,0.7486116313138719,0.7666696498877699,-0.03965459700957141,-0.0485163382888385,0.05771261558346941,False
thermal_noise_002,three_class_miou_A001_A047_record_only,202,0.7715522799279539,0.7069687967498168,0.7137274820598327,0.7359723239801501,-0.06458348317813711,-0.057824797868121225,0.0868283250984545,False
thermal_noise_002,fire_heat_iou_A001_A047_record_only,200,0.8304610215890001,0.7645158947889633,0.7374455483031974,0.7232333450142614,-0.06594512680003684,-0.09301547328580273,0.051732923511100815,False
thermal_noise_002,fire_heat_iou_A001_A047_record_only,201,0.8613182900215404,0.7579146851740657,0.7836687983705692,0.7505501395014085,-0.10340360484747468,-0.07764949165097113,0.07028494597831392,False
thermal_noise_002,fire_heat_iou_A001_A047_record_only,202,0.808354776455452,0.6747504360807844,0.6729106562373719,0.7097885900478762,-0.1336043403746675,-0.13544412021808006,0.1704822741851718,False
thermal_noise_002,fire_heat_iou_full134_record_only,200,0.8511374851913549,0.7622062178724923,0.7339237907134312,0.7204928729166351,-0.08893126731886258,-0.11721369447792374,0.07550034952206652,False
thermal_noise_002,fire_heat_iou_full134_record_only,201,0.8757482289704678,0.7554257003214435,0.7819714439252158,0.7511989502494308,-0.12032252864902426,-0.093776785045252,0.08955003497323932,False
thermal_noise_002,fire_heat_iou_full134_record_only,202,0.8293477693031032,0.66309682619285,0.6673244356070137,0.6878874285811468,-0.16625094311025312,-0.16202333369608946,0.18681393608438623,False
thermal_noise_005,smoke_iou_A001_A047,200,0.5258614766683678,0.613600507710341,0.38372975222787453,0.6135358311217585,0.08773903104197323,-0.14213172444049327,0.1420670478519107,False
thermal_noise_005,smoke_iou_A001_A047,201,0.48601065896338097,0.6465901128261182,0.5525718174156493,0.6754495062253643,0.16057945386273725,0.06656115845226834,-0.03770176505302231,False
thermal_noise_005,smoke_iou_A001_A047,202,0.5013595648837872,0.584403588244126,0.4635766765419822,0.6205651111262486,0.08304402336033878,-0.03778288834180499,0.07394441122392759,False
thermal_noise_005,selection_score_S_record_only,200,0.6673618647151436,0.6970973193444869,0.5748337938710036,0.6803918600808231,0.02973545462934335,-0.09252807084413994,0.0758226115804761,False
thermal_noise_005,selection_score_S_record_only,201,0.6756913039355906,0.7089867342772406,0.6722245620452421,0.7165977735184639,0.033295430341649945,-0.003466741890348568,0.011077781131571873,False
thermal_noise_005,selection_score_S_record_only,202,0.6615012562087355,0.6334547617703633,0.5855566879995765,0.6635245066940803,-0.02804649443837215,-0.07594456820915896,0.1060143131328759,False
thermal_noise_005,three_class_miou_A001_A047_record_only,200,0.7098047453218896,0.735359632534019,0.6419674006998111,0.7269097252398247,0.025554887212129396,-0.06783734462207858,0.05938743732788421,False
thermal_noise_005,three_class_miou_A001_A047_record_only,201,0.7175836070920524,0.7493675412484497,0.714654958968207,0.758222216991083,0.03178393415639735,-0.002928648123845412,0.011783323866478734,False
thermal_noise_005,three_class_miou_A001_A047_record_only,202,0.7020670633511804,0.6979857210704588,0.654324978690281,0.7219284229590744,-0.004081342280721656,-0.047742084660899464,0.07168478654951516,False
thermal_noise_005,fire_heat_iou_A001_A047_record_only,200,0.7798642444279641,0.7764763936526456,0.7642666710357847,0.7417655256236377,-0.003387850775318446,-0.015597573392179376,-0.019113294636828537,False
thermal_noise_005,fire_heat_iou_A001_A047_record_only,201,0.8515764995157707,0.7712989925542768,0.7879752254314507,0.7531477916389685,-0.08027750696149394,-0.06360127408432004,0.04545007316901173,False
thermal_noise_005,fire_heat_iou_A001_A047_record_only,202,0.7971903243994618,0.6919281022688706,0.7098646632281344,0.7220528438661178,-0.10526222213059122,-0.08732566117132745,0.11745040276857466,False
thermal_noise_005,fire_heat_iou_full134_record_only,200,0.8088622527619195,0.7805941309786328,0.7659378355141327,0.7472478890398875,-0.028268121783286637,-0.04292441724778673,0.00957817530904137,False
thermal_noise_005,fire_heat_iou_full134_record_only,201,0.8653719489078002,0.771383355728363,0.791877306674835,0.7577460408115637,-0.0939885931794372,-0.0734946422329652,0.05985732731616589,False
thermal_noise_005,fire_heat_iou_full134_record_only,202,0.8216429475336838,0.6825059352966006,0.7075366994571706,0.7064839022619119,-0.1391370122370832,-0.11410624807651326,0.13808421504182455,False
thermal_noise_010,smoke_iou_A001_A047,200,0.25041131798365884,0.5651454425098534,0.07522225059825793,0.5443849520181284,0.3147341245261946,-0.1751890673854009,0.1544285768936759,False
thermal_noise_010,smoke_iou_A001_A047,201,0.2025675510767709,0.5469897630436696,0.38766518925438886,0.5530001799560462,0.3444222119668987,0.18509763817761796,-0.17908722126524138,False
thermal_noise_010,smoke_iou_A001_A047,202,0.3063356162007579,0.4782832545530266,0.20745523604357383,0.5413323803574559,0.17194763835226873,-0.09888038015718406,0.16192950596161335,False
thermal_noise_010,selection_score_S_record_only,200,0.376042627643549,0.6571366032320032,0.377189377354651,0.6594719270447003,0.28109397558845417,0.001146749711102013,0.0011885741015950635,False
thermal_noise_010,selection_score_S_record_only,201,0.4831146977807001,0.6661679824243796,0.5667570161982228,0.6564771558116461,0.18305328464367948,0.08364231841752273,-0.09333314503025619,False
thermal_noise_010,selection_score_S_record_only,202,0.49303245986251926,0.5912666891870069,0.4750123148326601,0.635279781878838,0.09823422932448761,-0.018020145029859158,0.06203323772169034,False
thermal_noise_010,three_class_miou_A001_A047_record_only,200,0.4923652872771751,0.7010476739358863,0.4776814344831669,0.703522874205496,0.2086823866587112,-0.01468385279400819,0.01715905306361787,False
thermal_noise_010,three_class_miou_A001_A047_record_only,201,0.5686059024955327,0.7093845414180859,0.634648749990871,0.7009309457866119,0.14077863892255327,0.06604284749533829,-0.07449644312681236,False
thermal_noise_010,three_class_miou_A001_A047_record_only,202,0.5651938505968527,0.657642866372557,0.5577610741272399,0.6933141135217511,0.0924490157757043,-0.007432776469612823,0.04310402361880694,False
thermal_noise_010,fire_heat_iou_A001_A047_record_only,200,0.46751675716888647,0.7351868295843674,0.6460982630343347,0.7621856158194634,0.26767007241548096,0.17858150586544824,-0.15158271963035225,False
thermal_noise_010,fire_heat_iou_A001_A047_record_only,201,0.7510892573778932,0.7771152760698421,0.7300170482420354,0.7394964456718209,0.02602601869194887,-0.021072209135857833,-0.01654662126216333,False
thermal_noise_010,fire_heat_iou_A001_A047_record_only,202,0.6415652627508117,0.7051606047056158,0.7310754812852718,0.7336935500284614,0.0635953419548041,0.08951021853446006,-0.0609772732116145,False
thermal_noise_010,fire_heat_iou_full134_record_only,200,0.5016739373034392,0.7491277639541531,0.6791565041110441,0.774558902071272,0.24745382665071392,0.17748256680760488,-0.15205142869048605,False
thermal_noise_010,fire_heat_iou_full134_record_only,201,0.7636618444846293,0.7853462018050894,0.7458488431420568,0.7599541316672461,0.021684357320460146,-0.017813001342572465,-0.007579068795270816,False
thermal_noise_010,fire_heat_iou_full134_record_only,202,0.6797293035242806,0.7042501238209873,0.7425693936217463,0.7292271834002203,0.024520820296706658,0.06284009009746572,-0.0378630305182327,False
thermal_zero,smoke_iou_A001_A047,200,0.7158234386332258,0.6113731339517544,0.6795338115106391,0.6195682025273919,-0.10445030468147143,-0.036289627122586765,0.04448469569822422,False
thermal_zero,smoke_iou_A001_A047,201,0.7119103568494483,0.6633495952647344,0.6829643020944647,0.6807986544812543,-0.048560761584713896,-0.028946054754983574,0.04639511397150353,False
thermal_zero,smoke_iou_A001_A047,202,0.6887426706909857,0.6455353837163174,0.6501550639223135,0.6872540814384054,-0.04320728697466836,-0.038587606768672233,0.08030630449076026,False
thermal_zero,selection_score_S_record_only,200,0.3579135118682025,0.3117331684776553,0.3398614344975429,0.3144872457261646,-0.04618034339054722,-0.018052077370659614,0.020806154619168904,False
thermal_zero,selection_score_S_record_only,201,0.3559560939056904,0.3321664412146688,0.34152727514466613,0.34055986096160795,-0.023789652691021568,-0.014428818761024254,0.02282223850796339,False
thermal_zero,selection_score_S_record_only,202,0.34437133534549286,0.3268633481932756,0.3251639464188556,0.34714689673771276,-0.01750798715221724,-0.01920738892663726,0.039490937471074405,False
thermal_zero,three_class_miou_A001_A047_record_only,200,0.5212302656908974,0.47429210656397086,0.5049727320038869,0.4796188524757466,-0.046938159126926504,-0.01625753368701044,0.02158427959878617,False
thermal_zero,three_class_miou_A001_A047_record_only,201,0.5230864035307404,0.49009340419149094,0.5019448175325524,0.502994167945799,-0.032992999339249485,-0.02114158599818805,0.03404234975249609,False
thermal_zero,three_class_miou_A001_A047_record_only,202,0.5122328290818446,0.4905415985132259,0.493235782286998,0.5096820597242482,-0.02169123056861877,-0.01899704679484665,0.03813750800586896,False
thermal_zero,fire_heat_iou_A001_A047_record_only,200,6.098062950303836e-06,0.015065718363237524,0.00024357432883557892,0.009778758916931397,0.01505962030028722,0.0002374762658852751,-0.005524435712191402,False
thermal_zero,fire_heat_iou_A001_A047_record_only,201,3.048111390182643e-06,0.001070063816726446,8.026919879091328e-05,0.0003547037044165124,0.0010670157053362633,7.722108740073064e-05,-0.0007925811997106643,False
thermal_zero,fire_heat_iou_A001_A047_record_only,202,0.0,0.004582599376524383,0.00016811965530216718,0.005474315374136776,0.004582599376524383,0.00016811965530216718,0.0007235963423102253,False
thermal_zero,fire_heat_iou_full134_record_only,200,3.585103179269499e-06,0.01209320300355626,0.00018905748444686933,0.009406288924937218,0.01208961790037699,0.00018547238126759982,-0.002872386459886642,False
thermal_zero,fire_heat_iou_full134_record_only,201,1.8309619324704621e-06,0.0009832871646032585,9.024819486749842e-05,0.0003210674419616943,0.000981456202670788,8.841723293502796e-05,-0.0007506369555765922,False
thermal_zero,fire_heat_iou_full134_record_only,202,0.0,0.008191312670233862,0.00017282891539768222,0.0070397120370200685,0.008191312670233862,0.00017282891539768222,-0.0013244295486114761,False
rgb_zero,smoke_iou_A001_A047,200,0.09064853820674584,0.044897629676703694,0.1195243110232244,0.08664407187546377,-0.04575090853004215,0.02887577281647856,0.012870669382281513,False
rgb_zero,smoke_iou_A001_A047,201,0.3951446765862655,0.07797235494630901,0.2720730099192122,0.032383797450882566,-0.3171723216399565,-0.12307166666705333,0.07748310917162687,False
rgb_zero,smoke_iou_A001_A047,202,0.3093162687704428,0.012385992067654384,0.30142210095829924,0.040327079871178645,-0.29693027670278843,-0.007894167812143582,0.03583525561566786,False
rgb_zero,selection_score_S_record_only,200,0.4003255040447201,0.3591748837142971,0.4397628703308557,0.3832391261476188,-0.04115062033042299,0.03943736628613559,-0.015373123852813919,False
rgb_zero,selection_score_S_record_only,201,0.5203655093280107,0.28761966351595586,0.2257323079224876,0.24591488619856977,-0.23274584581205487,-0.2946332014055231,0.25292842408813704,False
rgb_zero,selection_score_S_record_only,202,0.5034368429660838,0.31918019618468435,0.4151683452302087,0.344097682438953,-0.18425664678139947,-0.08826849773587514,0.11318598399014379,False
rgb_zero,three_class_miou_A001_A047_record_only,200,0.4858792025873637,0.4724206294521154,0.5259331652915245,0.48404962528425416,-0.013458573135248342,0.04005396270416073,-0.028424966872022006,False
rgb_zero,three_class_miou_A001_A047_record_only,201,0.5339496353725471,0.40607143751202707,0.27828603674720664,0.40282626567266255,-0.12787819786052007,-0.2556635986253405,0.252418426785976,False
rgb_zero,three_class_miou_A001_A047_record_only,202,0.5720012988226721,0.45960526906544086,0.3742002562314323,0.47640307393835774,-0.11239602975723129,-0.19780104259123982,0.2145988474641567,False
rgb_zero,fire_heat_iou_A001_A047_record_only,200,0.7241898846740418,0.6951110252920495,0.7635684776776722,0.703912714063304,-0.029078859381992284,0.03937859300363045,-0.030576904232375912,False
rgb_zero,fire_heat_iou_A001_A047_record_only,201,0.6208996323377715,0.5564835256132935,0.24443726685732944,0.48447075543131807,-0.06441610672447795,-0.376462365480442,0.3044495952984666,False
rgb_zero,fire_heat_iou_A001_A047_record_only,202,0.7038639715192231,0.6514145900905591,0.566795983120967,0.673449491674172,-0.052449381428663955,-0.13706798839825607,0.15910288998186894,False
rgb_zero,fire_heat_iou_full134_record_only,200,0.7100024698826944,0.6734521377518906,0.760001429638487,0.6798341804197738,-0.03655033213080383,0.049998959755792605,-0.04361691708790938,False
rgb_zero,fire_heat_iou_full134_record_only,201,0.645586342069756,0.4972669720856027,0.17939160592576298,0.459445974946257,-0.14831936998415324,-0.466194736143993,0.42837373900464726,False
rgb_zero,fire_heat_iou_full134_record_only,202,0.6975574171617249,0.6259744003017144,0.5289145895021183,0.6478682850067273,-0.07158301686001056,-0.1686428276596066,0.19053671236461955,False
