arm,seed,status,provenance,run_dir,machine_val134_fire_heat_iou,machine_val134_fire_heat_precision,machine_val134_fire_heat_recall,manual47_background_iou,manual47_background_precision,manual47_background_recall,manual47_fire_heat_iou,manual47_fire_heat_precision,manual47_fire_heat_recall,manual47_fire_heat_to_smoke_ratio,manual47_miou,manual47_smoke_iou,manual47_smoke_precision,manual47_smoke_recall,manual47_smoke_to_fire_ratio,no_fire_fire_heat_fp_ratio,no_fire_joint_fp_ratio,no_fire_smoke_fp_ratio,selection_score_S,failure_reason
Fusion,200,complete,historical_v1.1,D:\qianpengcheng\7.31\flame3_4090_bundle_v1_20260731\project_support\experiments\flame3_pidnet_s_fusion_manual_smoke_v11\flame3_fusion_manual_smoke_v11_30e_seed200,0.7314611454116572,0.7440333997164931,0.9775930662642842,0.8531487053987833,0.9631328623309022,0.8820422008035678,0.7357213856620967,0.7522822911184885,0.9711761349343183,0.010950221802273858,0.7631554971552725,0.7005964004049379,0.7574628935523184,0.9035760192478823,0.009912223532301123,1.2486049107142855e-05,0.00011523437500000002,0.00010274832589285713,0.7160287729082976,
Fusion,201,complete,historical_v1.1,D:\qianpengcheng\7.31\flame3_4090_bundle_v1_20260731\project_support\experiments\flame3_pidnet_s_fusion_manual_smoke_v11\flame3_fusion_manual_smoke_v11_30e_seed201,0.7990498062283631,0.8244707522046084,0.9635724932373995,0.8570898665691848,0.9581348505281373,0.8903477177024606,0.7953173978459949,0.8242219301916036,0.9584674475252021,0.013545584508813801,0.7850950443773014,0.7028778687167248,0.765766961252853,0.894818413495632,0.006440343153254778,7.864815848214284e-06,0.0017381243024553572,0.0017302594866071427,0.7509638374725439,
Fusion,202,complete,historical_v1.1,D:\qianpengcheng\7.31\flame3_4090_bundle_v1_20260731\project_support\experiments\flame3_pidnet_s_fusion_manual_smoke_v11\flame3_fusion_manual_smoke_v11_30e_seed202,0.7029461030772304,0.7126250383142994,0.9813812266529268,0.8589591820445349,0.9481818258517591,0.9012621298062093,0.709484887334218,0.7217083290503369,0.9770534350208304,0.0065233797389911835,0.7550583826182407,0.6967310784759693,0.7850847044199765,0.8609933221415502,0.012362277807842258,4.6003069196428576e-05,7.48814174107143e-05,2.8878348214285714e-05,0.6998385907765997,
RGB-only,200,complete,job2_retry1,D:\qianpengcheng\7.31\flame3_4090_bundle_v1_20260731\project_support_night_20260824\experiments\flame3_pidnet_s_fusion_manual_smoke_v11\flame3_rgb_only_v11_30e_seed200_retry1,0.12191215538242031,0.12537716107287109,0.8156660471449865,0.755195307261426,0.947620839577127,0.7885834194415605,0.1606698871874807,0.16730374108694646,0.8032279440187013,0.1063853285311965,0.5125859386358849,0.6218926214587478,0.7315883359833565,0.807201795505071,0.08578028665565918,0.00020736258370535713,0.0005491420200892858,0.0003417794363839286,0.3719023884205841,
RGB-only,201,complete,job2_original,D:\qianpengcheng\7.31\flame3_4090_bundle_v1_20260731\project_support_night_20260824\experiments\flame3_pidnet_s_fusion_manual_smoke_v11\flame3_rgb_only_v11_30e_seed201,0.13141891399534528,0.1369413887027253,0.7656596065730638,0.7581263074409771,0.9636314197630911,0.7808312246021636,0.16623194084173135,0.17632656654708279,0.744600970653381,0.1409054932109484,0.5190370803170238,0.6327529926683628,0.7078107507538879,0.8574592986600693,0.07459054127758563,0.0003106515066964285,0.00048046875,0.0001698172433035714,0.382085953331854,
RGB-only,202,complete,job2_original,D:\qianpengcheng\7.31\flame3_4090_bundle_v1_20260731\project_support_night_20260824\experiments\flame3_pidnet_s_fusion_manual_smoke_v11\flame3_rgb_only_v11_30e_seed202,0.11805546585553836,0.12154228145665749,0.8082744787737152,0.78150175658941,0.9512359153309665,0.8140281755936968,0.15882003558885524,0.1662194222690156,0.7846296853046024,0.11245835455231527,0.537891634683063,0.6733531118709234,0.785915930921762,0.8243062990460052,0.07612407782081311,0.0005216761997767856,0.0010160609654017857,0.000494384765625,0.39570428886323095,
Thermal-only,200,complete,job2_original,D:\qianpengcheng\7.31\flame3_4090_bundle_v1_20260731\project_support_night_20260824\experiments\flame3_pidnet_s_fusion_manual_smoke_v11\flame3_thermal_only_v11_30e_seed200,0.7819762282683124,0.8239436047623675,0.9393541026443148,0.6880280347800614,0.9318186573446253,0.7251349710668176,0.7725135111456518,0.8212438938419044,0.9292079542038125,0.02513206898879024,0.6545343773671707,0.503061586175799,0.5501177935023189,0.8571938747845722,0.007421396151911977,9.511021205357143e-05,0.00369140625,0.0035962960379464287,0.6425189072220557,
Thermal-only,201,missing_or_failed,job2_retry1_failed,D:\qianpengcheng\7.31\flame3_4090_bundle_v1_20260731\project_support_night_20260824\experiments\flame3_pidnet_s_fusion_manual_smoke_v11\flame3_thermal_only_v11_30e_seed201_retry1,,,,,,,,,,,,,,,,,,,,non-finite gradient reproduced in original and exact-protocol retry1; no substitution
Thermal-only,202,complete,job2_recovery,D:\qianpengcheng\7.31\flame3_4090_bundle_v1_20260731\project_support_night_20260824\experiments\flame3_pidnet_s_fusion_manual_smoke_v11\flame3_thermal_only_v11_30e_seed202,0.7515190002546381,0.7787229023831514,0.9562825018861675,0.7247713219211628,0.9174603404476229,0.7754224825513234,0.756262011132069,0.7903064416028129,0.9468269696839547,0.012910548952958284,0.6661597614595579,0.517445951325442,0.5873852981235725,0.8132021931358718,0.008673029468269807,1.1805943080357142e-05,0.0007236676897321428,0.0007118617466517857,0.6344824757900401,
